Id,SalePrice,SalePrice_pred
1461,169277.0524984,122553.73
1462,187758.393988768,154770.7
1463,183583.683569555,188660.88
1464,179317.47751083,184642.16
1465,150730.079976501,173229.0
1466,177150.989247307,170048.08
1467,172070.659229164,173273.25
1468,175110.956519547,168809.06
1469,162011.698831665,176243.53
1470,160726.247831419,122035.64
1471,157933.279456005,196123.84
1472,145291.245020389,88943.26
1473,159672.017631819,102834.13
1474,164167.518301885,154408.5
1475,150891.638244053,154689.89
1476,179460.96518734,301763.94
1477,185034.62891405,258954.9
1478,182352.192644656,305090.75
1479,183053.458213802,269693.06
1480,187823.339254278,327522.84
1481,186544.114327568,300590.75
1482,158230.77520516,207127.08
1483,190552.829321091,166355.62
1484,147183.67487199,159161.97
1485,185855.300905493,179386.28
1486,174350.470676986,192021.67
1487,201740.620690863,298853.12
1488,162986.378895754,222793.08
1489,162330.199085679,211563.64
1490,165845.938616539,210001.53
1491,180929.622876974,188832.88
1492,163481.501519718,86688.44
1493,187798.076714233,197430.98
1494,198822.198942566,294507.6
1495,194868.409899858,299856.44
1496,152605.298564403,256812.33
1497,147797.702836811,183524.67
1498,150521.96899297,165750.05
1499,146991.630153739,168551.92
1500,150306.307814534,156187.22
1501,151164.372534604,173303.44
1502,151133.706960953,164859.73
1503,156214.042540726,266300.84
1504,171992.760735142,256427.67
1505,173214.912549738,223703.48
1506,192429.187345783,189898.33
1507,190878.69508543,218235.77
1508,194542.544135519,203011.45
1509,191849.439072822,166736.28
1510,176363.773907793,151582.39
1511,176954.185412429,149796.34
1512,176521.216975696,159461.39
1513,179436.704810176,163328.03
1514,220079.756777048,185557.72
1515,175502.918109444,221597.2
1516,188321.073833569,171968.23
1517,163276.324450004,143645.64
1518,185911.366293097,126003.12
1519,171392.830997252,248091.62
1520,174418.207020775,133997.64
1521,179682.709603774,141479.94
1522,179423.751581665,160399.4
1523,171756.918091777,104719.48
1524,166849.638174419,116449.67
1525,181122.168676666,128359.54
1526,170934.462746566,128593.5
1527,159738.292580329,99611.53
1528,174445.759557658,136597.92
1529,174706.363659627,153680.47
1530,164507.672539365,164735.4
1531,163602.512172832,104559.18
1532,154126.270249525,104282.72
1533,171104.853481351,145637.73
1534,167735.39270528,121186.5
1535,183003.613338104,147882.86
1536,172580.381161499,111303.336
1537,165407.889104689,85267.93
1538,176363.773907793,186916.83
1539,175182.950898522,220755.73
1540,190757.177789246,113177.72
1541,167186.995771991,147579.48
1542,167839.376779276,146376.11
1543,173912.421165137,245617.12
1544,154034.917445551,86049.43
1545,156002.955794336,122972.22
1546,168173.94329857,122887.43
1547,168882.437104132,141591.61
1548,168173.94329857,136866.77
1549,157580.177551642,123340.305
1550,181922.15256011,155693.38
1551,155134.227842592,106268.766
1552,188885.573319552,134436.84
1553,183963.193012381,155931.27
1554,161298.762306335,115547.14
1555,188613.66763056,186575.5
1556,175080.111822945,100832.02
1557,174744.400305232,113354.18
1558,168175.911336919,90862.75
1559,182333.472575006,95499.46
1560,158307.206742274,134325.14
1561,193053.055502348,141253.11
1562,175031.089987177,127502.43
1563,160713.294602908,123025.96
1564,173186.215014436,151419.22
1565,191736.7598055,155727.73
1566,170401.630997116,245127.4
1567,164626.577880222,82510.38
1568,205469.409444832,241135.25
1569,209561.784211885,119411.195
1570,182271.503072356,127637.25
1571,178081.549427793,127792.18
1572,178425.956138831,152876.84
1573,162015.318511503,264773.88
1574,181722.420373045,89123.89
1575,156705.730169433,196978.62
1576,182902.420342386,214601.16
1577,157574.595395085,184948.05
1578,184380.739100813,170392.19
1579,169364.469225677,145467.69
1580,175846.179822063,189375.61
1581,189673.295302136,151012.73
1582,174401.317715566,131462.55
1583,179021.448718583,315558.22
1584,189196.845337149,235489.89
1585,139647.095720655,139146.02
1586,161468.198288911,85978.42
1587,171557.32317862,106004.01
1588,179447.36804185,148482.98
1589,169611.619017694,110874.72
1590,172088.872655744,131756.28
1591,171190.624128768,105348.28
1592,154850.508361878,134914.25
1593,158617.655719941,115489.85
1594,209258.33693701,130933.33
1595,177939.027626751,106361.58
1596,194631.100299584,254305.72
1597,213618.871562568,172151.66
1598,198342.504228533,198782.02
1599,138607.971472497,182029.08
1600,150778.958976731,171963.98
1601,146966.230339786,90422.54
1602,162182.59620952,124427.4
1603,176825.940961269,98916.484
1604,152799.812402444,279633.3
1605,180322.322067129,269072.75
1606,177508.027228367,171634.33
1607,208029.642652019,155493.75
1608,181987.282510201,226505.94
1609,160172.72797397,193760.55
1610,176761.317654248,157632.98
1611,176515.497545231,144795.47
1612,176270.453065471,161460.83
1613,183050.846258475,166796.11
1614,150011.102062216,115927.06
1615,159270.537808667,100998.9
1616,163419.663729346,98060.58
1617,163399.983345859,104033.07
1618,173364.161505756,127378.57
1619,169556.835902417,133543.05
1620,183690.595995738,150655.44
1621,176980.914909382,142023.84
1622,204773.36222471,144689.3
1623,174728.655998442,292831.2
1624,181873.458244461,226773.25
1625,177322.000823979,128696.516
1626,193927.939041863,163795.8
1627,181715.622732304,177182.62
1628,199270.841200324,282741.16
1629,177109.589956218,173170.42
1630,153909.578271486,319956.3
1631,162931.203336223,208423.77
1632,166386.7567182,228909.33
1633,173719.30379824,174955.5
1634,179757.925656704,180253.25
1635,179007.601964376,182819.44
1636,180370.808623106,152675.12
1637,185102.616730563,187023.73
1638,198825.563452058,215273.36
1639,184294.576009142,179817.44
1640,200443.7920562,269690.25
1641,181294.784484153,176026.97
1642,174354.336267919,226621.72
1643,172023.677781517,245736.16
1644,181666.922855025,249435.02
1645,179024.491269586,204396.78
1646,178324.191575907,153785.39
1647,184534.676687694,164236.92
1648,159397.250378784,145544.27
1649,178430.966728182,143932.89
1650,177743.799385967,117761.336
1651,179395.305519087,117214.72
1652,151713.38474815,92862.17
1653,151713.38474815,92148.85
1654,168434.977996215,152197.11
1655,153999.100311019,161899.56
1656,164096.097354123,147977.98
1657,166335.403036551,159896.8
1658,163020.725375757,153129.42
1659,155862.510668829,155227.95
1660,182760.651095509,151933.33
1661,201912.270622883,308623.22
1662,185988.233987516,330119.75
1663,183778.44888032,327900.3
1664,170935.85921771,307083.44
1665,184468.908382254,301685.9
1666,191569.089663229,304504.47
1667,232991.025583822,343538.62
1668,180980.721388278,314271.1
1669,164279.13048219,272614.66
1670,183859.460411109,322452.72
1671,185922.465682076,275615.44
1672,191742.778119363,308999.28
1673,199954.072465842,291866.7
1674,180690.274752587,249750.44
1675,163099.3096358,174336.52
1676,140791.922472443,189045.1
1677,166481.86647592,227238.78
1678,172080.434496773,333718.72
1679,191719.161659178,321721.94
1680,160741.098612515,293271.75
1681,157829.546854733,254123.89
1682,196896.748596341,313121.84
1683,159675.423990355,178504.11
1684,182084.790901946,166078.72
1685,179233.926374487,172713.05
1686,155774.270901623,167433.4
1687,181354.326716058,173067.55
1688,179605.563663918,187362.58
1689,181609.34866147,187487.2
1690,178221.531623281,186089.58
1691,175559.920735795,180159.78
1692,200328.822792041,239045.73
1693,178630.060559899,175998.92
1694,177174.535221728,185370.86
1695,172515.687368714,169156.86
1696,204032.992922943,277392.34
1697,176023.232787689,170780.67
1698,202202.073341595,319268.34
1699,181734.480075862,302795.22
1700,183982.158993126,245136.95
1701,188007.94241481,261966.42
1702,185922.966763517,265796.12
1703,183978.544874918,260728.62
1704,177199.618638821,312545.6
1705,181878.647956764,223252.33
1706,173622.088728263,303087.75
1707,180728.168562655,225480.48
1708,176477.026606328,222072.27
1709,184282.266697609,260938.89
1710,162062.47538448,229516.72
1711,182550.070992189,242318.78
1712,180987.949624695,251598.05
1713,178173.79762147,262833.6
1714,179980.635948606,226822.77
1715,173257.637826205,210588.05
1716,177271.291059307,176088.27
1717,175338.355442312,168113.0
1718,177548.140549508,135765.55
1719,175969.91662932,192249.53
1720,175011.481953462,231824.0
1721,185199.372568143,149381.42
1722,188514.050228937,115298.71
1723,185080.145268797,156015.1
1724,157304.402574096,216380.12
1725,194260.859481297,226378.03
1726,181262.329995106,189657.6
1727,157003.292706732,155517.12
1728,182924.499359899,167748.36
1729,181902.586375439,172479.27
1730,188985.371708134,166209.08
1731,185290.904495068,121521.44
1732,177304.425752748,135763.94
1733,166274.900490809,116448.016
1734,177807.420530107,123892.58
1735,180330.624816201,136700.38
1736,179069.112234629,115359.125
1737,175943.371816948,316539.72
1738,185199.050609653,228347.61
1739,167350.910824524,252976.36
1740,149315.311876449,194812.22
1741,139010.847766793,176259.98
1742,155412.151845447,166224.95
1743,171308.313985441,172824.12
1744,176220.543265638,309996.06
1745,177643.434991809,222115.17
1746,187222.653264601,214728.34
1747,185635.132083154,228049.69
1748,206492.534215854,222370.61
1749,181681.021081956,167451.19
1750,180500.198072685,132443.31
1751,206486.17086841,252837.3
1752,161334.301195429,118886.34
1753,176156.558313965,143061.78
1754,191642.223478994,206483.02
1755,191945.808027777,171153.73
1756,164146.306037354,119940.69
1757,179883.057071096,125268.1
1758,178071.137668844,136506.06
1759,188241.637896875,184534.86
1760,174559.656173171,170819.3
1761,182347.363042264,150550.27
1762,191507.251872857,158000.03
1763,199751.865597358,163157.25
1764,162106.416145131,115577.05
1765,164575.982314367,167601.5
1766,179176.352180931,166797.34
1767,177327.403857584,209630.84
1768,177818.083761781,141996.58
1769,186965.204048443,171952.16
1770,178762.742169197,145088.4
1771,183322.866146283,135793.89
1772,178903.295931891,140748.16
1773,186570.129421778,140909.84
1774,199144.242829024,116988.24
1775,172154.713310956,138661.48
1776,177444.019201603,128073.27
1777,166200.938073485,116579.95
1778,158995.770555632,140836.81
1779,168273.282454755,115092.8
1780,189680.453052788,172239.48
1781,181681.021081956,128628.195
1782,160277.142643643,94126.95
1783,197318.54715833,135753.5
1784,162228.935604196,101854.805
1785,187340.455456083,110225.24
1786,181065.347037275,131495.69
1787,190233.609102705,174134.6
1788,157929.594852031,85908.984
1789,168557.001935469,93700.5
1790,160805.584645628,94446.234
1791,221648.391978216,180566.5
1792,180539.88079815,151527.23
1793,182105.616283853,147511.4
1794,166380.852603154,146033.92
1795,178942.155617426,140634.61
1796,162804.747800461,117121.125
1797,183077.684392615,124064.64
1798,171728.4720292,127888.61
1799,164786.741540638,119913.45
1800,177427.267170302,140840.73
1801,197318.54715833,135815.48
1802,178658.114178223,157420.27
1803,185437.320523764,143391.14
1804,169759.652489529,138949.73
1805,173986.635055186,132437.44
1806,168607.664289468,113618.8
1807,194138.519145183,157105.8
1808,192502.440921994,124512.68
1809,176746.969818601,123569.68
1810,177604.891703134,150436.03
1811,193283.746584832,115489.266
1812,181627.061006609,112019.58
1813,169071.62025834,121162.32
1814,167398.006470987,101236.43
1815,150106.505141704,82829.36
1816,159650.304285848,108623.25
1817,179471.23597476,124994.055
1818,177109.589956218,136855.92
1819,166558.113328453,111023.33
1820,153796.714319583,91051.22
1821,174520.152570658,110318.01
1822,196297.95829524,159527.66
1823,169100.681601175,78791.99
1824,176911.319164431,126185.45
1825,169234.6454828,129422.75
1826,172386.297919134,106263.37
1827,156031.904802362,114623.47
1828,168202.892306596,139473.23
1829,166505.984017547,110843.75
1830,176507.37022149,158722.0
1831,180116.752553161,192079.11
1832,183072.740591406,98911.9
1833,189595.964677698,136728.84
1834,167523.919076265,109122.484
1835,210817.775863413,126760.234
1836,172942.930813351,117289.266
1837,145286.278144089,104192.68
1838,176468.653371492,130404.5
1839,159040.069562187,97110.61
1840,178518.204332507,177919.62
1841,169163.980786825,141959.98
1842,189786.685274579,96557.67
1843,181246.728523853,133351.86
1844,176349.927153587,150744.9
1845,205266.631009142,137609.56
1846,187397.993362224,157497.03
1847,208943.427726113,148810.17
1848,165014.532907657,78403.48
1849,182492.037566236,126181.47
1850,161718.71259042,128675.92
1851,180084.118941162,164233.19
1852,178534.950802179,125167.04
1853,151217.259961305,133971.0
1854,156342.717587562,173182.81
1855,188511.443835239,146363.14
1856,183570.337896789,232020.58
1857,225810.160292177,123761.49
1858,214217.401131694,136939.69
1859,187665.64101603,122730.95
1860,161157.177744039,153029.36
1861,187643.992594193,121888.65
1862,228156.372839158,228170.61
1863,220449.534665317,227359.34
1864,220522.352084222,227359.34
1865,156647.763531624,293676.75
1866,187388.833374873,313178.75
1867,178640.723791573,243556.72
1868,180847.216739049,277020.56
1869,159505.170529478,210542.78
1870,164305.538020654,256784.98
1871,180181.19673723,232738.8
1872,184602.734989972,169288.48
1873,193440.372174434,231030.7
1874,184199.788209911,137952.89
1875,196241.892907637,195915.19
1876,175588.618271096,199724.56
1877,179503.046546829,223452.48
1878,183658.076582555,175503.05
1879,193700.976276404,139159.61
1880,165399.62450704,135788.08
1881,186847.944787446,230723.14
1882,198127.73287817,241052.86
1883,183320.898107934,191612.0
1884,181613.606696657,218232.31
1885,178298.791761954,242484.62
1886,185733.534000593,293770.2
1887,180008.188485489,211781.02
1888,175127.59621604,255334.08
1889,183467.176862723,157857.31
1890,182705.546021743,138021.81
1891,152324.943593181,142820.73
1892,169878.515981342,99923.53
1893,183735.975076576,129188.164
1894,224118.280105941,112797.64
1895,169355.202465146,122130.195
1896,180054.276407441,124968.02
1897,174081.601977368,111442.88
1898,168494.985022146,107442.31
1899,181871.598843299,145079.95
1900,173554.489658383,170629.34
1901,169805.382165577,195079.73
1902,176192.990728755,129058.12
1903,204264.39284654,266311.38
1904,169630.906956928,161610.23
1905,185724.838807268,209480.64
1906,195699.036281861,189228.3
1907,189494.276162169,216943.19
1908,149607.905673439,122084.36
1909,154650.199045978,135851.0
1910,151579.558140433,121026.58
1911,185147.380531144,223171.39
1912,196314.53120359,239813.08
1913,210802.395364155,151576.88
1914,166271.2863726,88392.516
1915,154865.359142973,294176.34
1916,173575.5052865,80297.65
1917,179399.563554274,267021.66
1918,164280.776562049,140751.9
1919,171247.48948121,174067.89
1920,166878.587182445,162068.94
1921,188129.459710994,330658.53
1922,183517.34369691,314218.62
1923,175522.026925727,218175.69
1924,190060.105331152,210636.84
1925,174179.824771856,211490.89
1926,171059.523675194,329802.4
1927,183004.186769318,145387.42
1928,183601.647387418,171359.7
1929,163539.327185998,129007.766
1930,164677.676391525,125144.71
1931,162395.073865424,138664.86
1932,182207.6323195,135423.03
1933,192223.939790304,190391.5
1934,176391.829390125,175402.36
1935,181913.179121348,168966.42
1936,179136.097888261,183798.3
1937,196595.568243212,184855.98
1938,194822.365690957,178925.2
1939,148356.669440918,232213.88
1940,160387.604263899,181493.44
1941,181276.500571809,180317.2
1942,192474.817899346,200041.33
1943,157699.907796437,184526.02
1944,215785.540813051,316720.16
1945,181824.300998793,330614.84
1946,221813.00948166,165735.2
1947,165281.292597397,311383.4
1948,255629.49047034,164701.19
1949,173154.590990955,242068.25
1950,183884.65246539,181277.14
1951,200210.353608489,273927.0
1952,186599.221265342,234880.7
1953,192718.532696106,164790.3
1954,178628.665952764,188585.55
1955,180650.342418406,122315.234
1956,206003.107947263,222543.78
1957,166457.67844853,169408.12
1958,202916.221653487,298950.1
1959,192463.969983091,133972.73
1960,171775.497189898,126160.875
1961,175249.222149411,128405.195
1962,147086.59893993,102578.02
1963,149709.672100371,106204.47
1964,171411.404533743,111205.85
1965,178188.964799425,162176.58
1966,156491.711373235,151235.58
1967,180953.241201168,268093.8
1968,203909.759061135,324346.6
1969,175470.149087545,324321.12
1970,205578.333622415,334270.78
1971,199428.857699441,319402.75
1972,187599.163869476,333470.53
1973,192265.198109864,233311.05
1974,196666.554897677,314628.66
1975,155537.862252682,304365.2
1976,169543.240620935,260779.55
1977,202487.010170501,300988.56
1978,208232.716273485,318686.72
1979,173621.195202569,299615.25
1980,172414.608571812,195781.03
1981,164400.75641556,317242.22
1982,160480.424024781,238636.27
1983,156060.853810389,215512.7
1984,157437.192820581,166295.28
1985,158163.720929772,212593.98
1986,154849.043268978,204260.02
1987,152186.609341561,170846.98
1988,180340.215399228,171074.61
1989,178344.62451356,188505.7
1990,190170.382266827,226953.31
1991,168092.975480832,245513.39
1992,178757.912566805,229998.55
1993,174518.256882082,173423.52
1994,198168.490116289,227095.66
1995,176882.693978902,183675.06
1996,183801.672896251,238157.16
1997,196400.046680661,309129.25
1998,172281.605004025,310835.7
1999,196380.366297173,261349.3
2000,198228.354306682,314169.78
2001,195556.581268962,269806.25
2002,186453.264469043,229522.4
2003,181869.381196234,267965.28
2004,175610.840124147,245486.45
2005,183438.730800145,216872.45
2006,179584.488673295,252276.9
2007,182386.152242034,259020.45
2008,160750.367237054,211638.39
2009,182477.505046008,195635.83
2010,187720.359207171,187692.31
2011,187201.942081511,131182.11
2012,176385.102235149,163652.75
2013,175901.787841278,185857.2
2014,182584.280198283,182925.05
2015,195664.686104237,198676.23
2016,181420.346494222,197427.52
2017,176676.04995228,200190.97
2018,181594.678867334,118876.29
2019,178521.747964951,131817.23
2020,175895.883726231,117952.16
2021,168468.005916477,115841.48
2022,200973.129447888,161281.28
2023,197030.641992202,145995.78
2024,192867.417844592,220383.7
2025,196449.247639381,324660.2
2026,141684.196398607,165654.27
2027,153353.334123901,156453.75
2028,151143.549016705,147773.22
2029,163753.087114229,179652.78
2030,158682.460013921,298192.4
2031,144959.835250915,245491.19
2032,160144.390548579,275042.44
2033,156286.534303521,255042.94
2034,165726.707619571,160905.98
2035,182427.481047359,215581.5
2036,173310.56154032,190641.73
2037,173310.56154032,213941.42
2038,151556.01403002,293143.72
2039,158908.146068683,226142.12
2040,209834.383092536,291422.0
2041,192410.516550815,282163.53
2042,174026.247294886,206978.12
2043,195499.830115336,165888.17
2044,200918.018812493,175077.95
2045,207243.616023976,217020.14
2046,196149.783851876,128626.3
2047,192097.914850217,148093.94
2048,178570.948923671,139832.7
2049,228617.968325428,126062.16
2050,199929.884438451,178306.83
2051,160206.365612859,107331.914
2052,179854.431885567,149295.06
2053,185987.340461822,144635.67
2054,161122.505607926,107645.5
2055,175949.342720138,164205.31
2056,183683.590595324,129522.31
2057,176401.34762338,128863.484
2058,205832.532527897,230391.48
2059,177799.799849436,121662.33
2060,167565.362080406,168835.08
2061,186348.958436557,190016.5
2062,179782.759465081,127898.4
2063,169837.623333323,118879.805
2064,178817.275675758,142308.95
2065,174444.479149339,131385.73
2066,192834.968917174,192404.75
2067,196564.717984981,106077.33
2068,206977.567039357,129755.52
2069,157054.253944128,91710.73
2070,175142.948078577,115292.47
2071,159932.1643654,96258.42
2072,182801.408333628,149034.47
2073,181510.375176825,134295.31
2074,181613.035129451,195180.38
2075,186920.512597635,151259.66
2076,157950.170625222,122717.11
2077,176115.159022876,147470.16
2078,182744.514344465,127859.23
2079,180660.683691591,132740.12
2080,160775.629777099,115772.125
2081,186711.715848082,114157.73
2082,223581.758190888,148323.17
2083,172330.943236652,154113.95
2084,163474.633393212,109656.89
2085,175308.263299874,135703.62
2086,187462.725306432,114406.8
2087,180655.101535034,121042.13
2088,152121.98603454,91780.74
2089,159856.233909727,94590.555
2090,186559.854936737,133747.27
2091,183962.550959411,116205.06
2092,162107.168699296,138659.72
2093,162582.288981283,136687.42
2094,154407.701597409,146172.23
2095,181625.666399474,146486.16
2096,164810.609473548,87135.29
2097,176429.401241704,99004.77
2098,179188.089925259,155072.69
2099,145997.635377703,84663.055
2100,218676.768270367,86168.805
2101,188323.861214226,114495.055
2102,168690.0722914,147170.84
2103,165088.746797705,107531.984
2104,191435.007885166,122110.875
2105,168864.404664512,135441.39
2106,176041.882371574,85312.34
2107,215911.674390325,245619.62
2108,167388.238629016,122529.89
2109,163854.786753017,108412.64
2110,163299.477980171,119900.7
2111,178298.214633119,148538.81
2112,176376.586164775,141988.17
2113,170211.043976522,116049.51
2114,170818.344786366,98966.125
2115,174388.867432503,162447.03
2116,161112.987374671,122204.76
2117,172179.082325307,146322.44
2118,157798.309713876,116544.94
2119,169106.151422924,105957.53
2120,170129.531364292,105524.6
2121,157680.227412949,123087.04
2122,162690.209131977,111666.18
2123,146968.379365095,84318.16
2124,181507.721372455,169939.8
2125,191215.589752983,131468.34
2126,189432.689844522,167403.38
2127,207271.484957719,149402.25
2128,170030.807488363,140726.28
2129,148409.806476335,120402.75
2130,193850.613979055,136636.2
2131,193808.319298263,133145.64
2132,166300.235380627,114887.73
2133,163474.633393212,118865.664
2134,177473.606564978,119627.22
2135,157443.925537187,109274.45
2136,180681.007992057,84755.87
2137,183463.17030026,114591.78
2138,182481.763081195,124675.48
2139,193717.15117887,151874.98
2140,182782.55099007,142118.8
2141,175530.651633287,143494.84
2142,177804.057884623,131624.1
2143,159448.670848577,138307.64
2144,181338.976717529,119641.08
2145,178553.558537021,136034.02
2146,162820.928264556,159692.2
2147,188832.479997186,157830.48
2148,164682.185899437,121578.055
2149,181549.735943801,143808.34
2150,199158.097008868,252237.02
2151,152889.520990566,130851.72
2152,181150.551679116,186719.08
2153,181416.732376013,152492.56
2154,164391.238182305,107878.13
2155,185421.046498812,141892.44
2156,193981.327550004,235662.17
2157,178824.324789223,238625.55
2158,209270.051606246,233405.75
2159,177801.266806344,203614.58
2160,179053.762236101,170753.9
2161,178762.170601992,246014.17
2162,184655.300458183,327266.78
2163,191284.655779772,294123.62
2164,179598.085818785,236622.25
2165,167517.628078595,196974.25
2166,182873.903794044,152280.25
2167,177484.91371363,224939.9
2168,188444.597319524,212578.98
2169,179184.153848562,192869.95
2170,184365.175780982,234992.27
2171,184479.322005212,152790.39
2172,182927.863869391,140374.52
2173,178611.639373646,165130.7
2174,181943.343613558,228299.75
2175,175080.614768394,310076.62
2176,190720.794649138,306488.78
2177,198422.868144723,222511.88
2178,184482.11308349,239688.61
2179,139214.952187861,143300.06
2180,169233.113601757,178857.55
2181,180664.118686848,192226.88
2182,178818.742632666,214157.36
2183,180422.049969947,195052.77
2184,178601.93645581,131186.83
2185,183083.159775993,134802.66
2186,173163.101499699,145252.78
2187,185968.161159774,156723.02
2188,171226.050683054,165137.14
2189,281643.976116786,155933.88
2190,160031.711281258,90625.336
2191,162775.979779394,87569.26
2192,160735.445970193,98610.47
2193,166646.109048572,107048.1
2194,188384.548444549,96774.07
2195,165830.697255197,117551.016
2196,182138.358533039,104153.35
2197,171595.397975647,121353.5
2198,160337.079183809,167696.86
2199,191215.088671543,180518.83
2200,166956.093232213,150980.45
2201,186581.830878692,148995.6
2202,176450.548582099,211564.16
2203,193743.194909801,201206.11
2204,198882.566078408,194967.7
2205,176385.102235149,126962.61
2206,162447.639333636,155601.97
2207,193782.555676777,237687.3
2208,183653.890897141,254829.61
2209,210578.623546866,205545.11
2210,158527.164107319,130650.375
2211,163081.025723456,114815.09
2212,174388.867432503,110581.71
2213,191905.870131966,103099.58
2214,174388.867432503,137440.3
2215,161642.711648983,104935.84
2216,186939.507215101,127213.6
2217,172482.165792649,82215.62
2218,159695.999763546,88836.0
2219,157230.369671007,91092.12
2220,179188.089925259,94937.02
2221,157972.82120994,293218.75
2222,156804.951429181,255248.34
2223,211491.972463654,243897.5
2224,186537.246201062,199374.72
2225,200468.161070551,114169.73
2226,182241.340444154,193399.94
2227,157342.225898399,210712.33
2228,182022.387105998,251712.36
2229,181244.510876788,250942.02
2230,178556.671573788,160518.31
2231,189547.199876284,213559.2
2232,187948.65165563,189763.53
2233,194107.287565956,180059.4
2234,183521.710369283,238000.0
2235,183682.123638416,186035.48
2236,178483.353073443,261222.73
2237,184003.879764736,312114.53
2238,171318.59033449,205654.53
2239,162039.754313997,130488.29
2240,154846.252190699,158278.12
2241,194822.365690957,165456.56
2242,169788.738771463,136300.14
2243,178891.554489941,127230.875
2244,152084.772428865,99646.164
2245,139169.86642879,99072.84
2246,192439.536044606,159789.06
2247,161067.859766557,104595.734
2248,158762.648504781,127580.67
2249,175569.690441774,127688.08
2250,183659.795012187,138640.69
2251,280618.132617258,101425.98
2252,180051.809151659,161935.7
2253,176519.18031559,162745.44
2254,179028.429210291,180076.38
2255,177161.583857224,179068.38
2256,180081.508849842,172648.83
2257,205895.254584712,177501.22
2258,183389.78131415,177192.17
2259,178543.647859512,174565.34
2260,194798.320499104,162145.92
2261,162845.613675766,189521.5
2262,148103.867006579,210573.42
2263,201016.171121215,324650.9
2264,277936.12694354,311507.7
2265,249768.279823405,157133.64
2266,161596.052159825,270831.12
2267,158011.114889899,323132.1
2268,194089.683858004,325369.53
2269,181733.336941451,149779.92
2270,182852.32772198,182312.2
2271,189893.003058465,257229.47
2272,194650.210979875,202516.67
2273,187904.461286262,157337.48
2274,171774.925622692,182985.16
2275,177998.685921479,166242.73
2276,175648.484325498,178562.8
2277,196918.071362067,181413.78
2278,184299.838071218,164801.55
2279,182379.855682734,122593.234
2280,184050.725802482,126333.68
2281,158296.975970284,180434.48
2282,175053.355553278,184505.6
2283,162293.376090644,100320.88
2284,186328.880047186,109228.47
2285,151422.116936538,154306.69
2286,181969.358707768,125718.95
2287,189122.67702416,321263.78
2288,185645.475220346,272952.2
2289,182829.898109257,319983.53
2290,195848.788183328,299187.72
2291,198785.059550672,313999.25
2292,181676.126555428,330804.25
2293,194131.012663328,325724.94
2294,201416.004864508,324170.22
2295,185096.577205616,312184.84
2296,195158.972598372,270486.06
2297,184795.783735112,261531.1
2298,189168.263864671,290129.53
2299,216855.260149095,290411.4
2300,184946.642483576,292962.34
2301,189317.51282069,256826.89
2302,180803.277842406,231996.4
2303,175061.18585763,248899.77
2304,179074.839090732,269463.44
2305,145708.764336107,182563.55
2306,142398.022752011,185893.7
2307,161474.534863641,186577.5
2308,157025.945155458,216439.2
2309,163424.037827357,263138.47
2310,164692.778645345,221971.98
2311,152163.2443541,188796.4
2312,192383.215486656,191318.77
2313,182520.230322476,170212.36
2314,187254.507549722,167211.14
2315,176489.659740359,173911.92
2316,181520.466841293,191219.98
2317,186414.978214721,174952.45
2318,185197.764639705,179954.44
2319,178657.794083741,175418.77
2320,179731.198023759,180968.52
2321,161748.271317074,246044.27
2322,158608.749069322,168489.6
2323,178807.370559878,182735.45
2324,184187.158803897,167924.11
2325,181686.10402108,212671.94
2326,190311.050228337,177231.03
2327,192252.496354076,228144.28
2328,193954.849525775,227147.72
2329,181044.201560887,190950.39
2330,180258.131219792,173571.61
2331,199641.657313834,315211.84
2332,197530.775205517,337417.25
2333,191777.196949138,303359.66
2334,195779.543033588,283202.94
2335,202112.046522999,238695.36
2336,192343.34807661,316130.2
2337,185191.359443218,222896.98
2338,186760.207965688,275626.62
2339,177733.78193528,172946.8
2340,164430.391189608,325223.28
2341,185299.601552401,220282.48
2342,186414.012339254,217812.31
2343,176401.921054593,222926.75
2344,182381.322639642,233116.53
2345,176334.184710805,261962.03
2346,184901.735847457,237871.6
2347,180085.766885029,218786.08
2348,184901.735847457,268002.28
2349,183967.561548763,180412.8
2350,193046.301574659,262301.7
2351,168538.969495849,253005.9
2352,170157.842016969,261349.06
2353,196559.709259637,218974.69
2354,177133.709361852,133860.52
2355,181553.279576244,150155.14
2356,185770.606634739,148619.77
2357,177017.595099274,198714.08
2358,184123.358536806,192475.11
2359,165970.357492196,126707.664
2360,158151.985049452,107409.61
2361,177086.476441481,147357.56
2362,196373.896176551,267149.28
2363,172465.707083115,139579.06
2364,168590.782409896,157468.8
2365,158820.474171061,224556.36
2366,151611.37057651,186188.52
2367,152125.028585543,212063.52
2368,158404.073081048,191422.58
2369,160692.078640755,214916.5
2370,170175.22684199,175923.1
2371,169854.436591138,169380.69
2372,183410.785819008,189501.08
2373,180347.194026928,293994.2
2374,178930.528374292,285876.8
2375,153346.220086301,257298.61
2376,182675.204270589,291497.28
2377,180770.649792036,327556.72
2378,188714.148087543,133654.22
2379,191393.608594076,178582.81
2380,174016.157494425,140414.92
2381,183189.685319552,161521.55
2382,183621.508757866,192748.88
2383,168991.29635758,219118.22
2384,185306.650665866,252082.33
2385,189030.680303208,147316.64
2386,179208.665698449,131342.53
2387,174901.452792889,135527.14
2388,168337.406544343,93924.1
2389,158234.96461859,119908.12
2390,179562.453368834,136808.39
2391,174176.391640607,139660.78
2392,173931.531845427,118916.625
2393,184111.729429665,165424.97
2394,179374.482001188,149680.38
2395,207348.811884535,221754.64
2396,186983.419339031,147343.05
2397,206779.094049527,214936.75
2398,177472.074683935,126530.51
2399,156727.948324862,91291.15
2400,157090.568462479,84653.79
2401,160387.032696693,115983.836
2402,172410.28005086,131867.1
2403,191603.365657467,128482.9
2404,182152.207151253,143941.17
2405,180161.697340702,171116.4
2406,169652.235284283,134966.52
2407,182503.520140218,138462.66
2408,179714.630677039,146448.25
2409,180282.570719908,139623.03
2410,192600.338060371,163392.25
2411,166115.491248565,122014.88
2412,186379.553524443,166628.2
2413,184361.992258449,133553.75
2414,186220.965458121,134555.11
2415,198176.47090687,121836.51
2416,168437.776500131,130220.26
2417,178003.582312015,132680.98
2418,179180.469244588,122516.64
2419,191930.561104806,124267.99
2420,175590.266214964,124108.38
2421,176713.19307219,148925.81
2422,180159.090947005,118388.89
2423,188090.100808026,120194.8
2424,186184.717727913,169509.77
2425,223055.588672278,173342.72
2426,158270.753116401,119225.14
2427,184733.12846644,127058.52
2428,199926.378957429,170531.0
2429,175075.785166001,122207.9
2430,180917.925148076,133147.42
2431,182067.760625207,126640.18
2432,178238.60191545,148889.44
2433,173454.944606532,146443.38
2434,176821.936262814,141397.83
2435,183642.191304235,149870.4
2436,177254.582741058,115779.94
2437,168715.950111702,113123.36
2438,180096.931198144,120398.76
2439,160620.728178758,112631.44
2440,175286.544392273,121513.38
2441,153494.783276297,101662.12
2442,156407.65915545,100568.35
2443,162162.525245786,111704.234
2444,166809.886827197,113880.945
2445,172929.156408918,96794.29
2446,193514.330894137,136914.33
2447,181612.141603756,232621.7
2448,191745.386377068,130508.47
2449,171369.325038261,116830.65
2450,184425.470567051,153841.88
2451,170563.252355189,114507.14
2452,184522.369240168,233023.53
2453,164968.947931153,104459.84
2454,157939.621592364,118765.734
2455,151520.381580069,109699.06
2456,176129.508722531,148607.84
2457,171112.978971478,121128.086
2458,169762.081624282,115948.33
2459,162246.828936295,106306.1
2460,171339.303381589,143546.53
2461,189034.753653813,113745.92
2462,175758.873595981,124253.91
2463,163351.721489893,122265.016
2464,189806.546645026,166643.12
2465,175370.990918319,136285.62
2466,196895.599900301,112421.445
2467,176905.917994834,149559.88
2468,176866.557227858,86143.9
2469,163590.677170026,75566.195
2470,212693.502958393,162635.86
2471,192686.931747717,226781.86
2472,181578.684951827,148643.88
2473,166475.457581812,115825.9
2474,185998.255166219,92176.305
2475,185527.714877908,254053.45
2476,159027.118197683,113937.266
2477,181169.654933769,125318.8
2478,176732.915304722,168338.62
2479,191619.294648838,87364.42
2480,189114.303789324,141724.5
2481,180934.635330334,129283.305
2482,164573.372223048,136604.97
2483,173902.011270196,113686.76
2484,165625.127741229,123187.45
2485,179555.219570787,130012.99
2486,196899.720661579,146570.67
2487,207566.12470446,189008.69
2488,163899.981149274,163365.52
2489,189179.428177786,145522.12
2490,193892.880023125,158070.67
2491,178980.874331431,88392.36
2492,179749.876244365,183213.95
2493,197999.674975598,135784.66
2494,203717.470295797,163064.4
2495,185249.261156892,98753.44
2496,201691.208274848,214663.94
2497,181956.548314794,139493.55
2498,171895.936275806,116310.81
2499,187245.168439419,96795.42
2500,157816.77461318,136987.8
2501,191702.912573325,137657.06
2502,198599.420028908,158261.52
2503,187193.313676329,100673.164
2504,220514.993999535,188791.69
2505,181814.527595192,223025.6
2506,183750.755371907,276246.97
2507,183000.431679579,277748.62
2508,185830.971906573,279342.75
2509,185497.872344187,208788.94
2510,179613.437681321,226476.8
2511,164454.967963631,179115.2
2512,185127.237217638,200640.42
2513,178750.613844623,225410.3
2514,160927.61044889,261803.5
2515,192562.808057836,156910.66
2516,180990.24148554,158943.11
2517,180064.941503122,145137.92
2518,196070.997393789,154289.78
2519,180352.919019023,214089.2
2520,183367.953769362,201433.92
2521,176734.841494027,188747.88
2522,180848.220765939,237919.86
2523,187806.059368823,124092.984
2524,180521.52640004,144966.62
2525,181502.754496154,140946.56
2526,174525.87942676,138831.25
2527,188927.984063168,104790.47
2528,184728.870431253,126047.1
2529,179857.975518011,137186.84
2530,180962.868071609,116853.76
2531,179194.066390078,265388.06
2532,179591.789259484,222625.58
2533,180638.463702549,191802.38
2534,185846.215131922,199748.05
2535,195174.031139141,288408.97
2536,192474.56829063,233486.8
2537,164200.595496827,220052.11
2538,178403.094096818,178847.9
2539,170774.84018302,187938.9
2540,179879.945898337,166091.17
2541,177668.192752792,170026.89
2542,180174.328610725,154306.06
2543,170643.303572141,121429.11
2544,165448.004289838,135945.77
2545,195531.754886222,123633.41
2546,165314.177682121,144129.78
2547,172532.757660882,135522.6
2548,203310.218069877,114804.164
2549,175090.062515883,169684.88
2550,230841.338626282,227950.61
2551,155225.19006632,145676.14
2552,168322.342441945,117722.555
2553,165956.259265265,86796.56
2554,193956.817564124,111711.78
2555,171070.367893827,114642.125
2556,166285.243628001,101020.52
2557,182875.801346628,115212.445
2558,218108.536769738,167136.1
2559,174378.777632042,136452.45
2560,164731.316372391,144264.22
2561,156969.695083273,131451.33
2562,173388.854342604,131187.44
2563,177559.628685119,165641.38
2564,194297.789279905,212496.16
2565,174894.588364005,148350.84
2566,196544.144075798,177662.38
2567,179036.158528149,138349.14
2568,211423.986511149,210109.11
2569,208156.398935188,195431.23
2570,159233.941347257,127998.445
2571,210820.115134931,189327.7
2572,140196.10979821,153269.34
2573,198678.469082978,223480.31
2574,186818.610760803,283728.5
2575,175044.797633861,130799.32
2576,180031.162892704,133816.36
2577,176889.171525162,153467.28
2578,159638.856165666,89150.71
2579,154287.264375509,83321.7
2580,191885.618181273,138187.52
2581,177503.378612934,138767.95
2582,166548.31684976,109069.984
2583,164475.14942856,259318.33
2584,167484.744857879,153808.12
2585,188683.160555403,177474.95
2586,162243.399502668,222173.47
2587,180807.213919103,215771.16
2588,176279.079637039,166658.53
2589,163438.959094218,144609.67
2590,161495.5393685,235186.47
2591,216032.303722443,204672.52
2592,176632.181541401,221427.33
2593,168743.001567144,248515.6
2594,183810.11848086,180017.8
2595,156794.36054728,204358.17
2596,169136.43011395,310884.2
2597,183203.318752456,181619.45
2598,213252.926930889,279439.28
2599,190550.327866959,290285.34
2600,234707.209860273,116348.234
2601,135751.318892816,123117.55
2602,164228.45886894,94973.266
2603,153219.437030419,92198.17
2604,164210.746523801,87081.27
2605,163883.229117973,88288.38
2606,154892.776269956,144508.58
2607,197092.08733832,174187.78
2608,228148.376399122,210571.08
2609,178680.587503997,173726.33
2610,165643.341167808,111551.31
2611,222406.642660249,152927.4
2612,184021.843582599,156522.89
2613,170871.094939159,131212.73
2614,189562.873697309,129769.73
2615,170591.884966356,164074.97
2616,172934.351682851,134442.33
2617,186425.069879189,148667.75
2618,218648.131133006,143290.27
2619,183035.606761141,199000.75
2620,178378.906069427,189686.64
2621,184516.716597846,184324.27
2622,181419.5253183,185308.3
2623,196858.923438425,217899.03
2624,189228.701486278,283994.4
2625,208973.380761028,291460.3
2626,180269.86896412,164130.31
2627,159488.713683953,179820.94
2628,191490.299507521,324552.0
2629,228684.245137946,333079.03
2630,201842.998700429,311810.88
2631,209242.82289186,329989.5
2632,202357.62258493,325331.66
2633,168238.61218265,308788.5
2634,202524.12465369,329842.7
2635,170588.771929588,153454.94
2636,198375.31512987,192564.27
2637,170636.827889889,160077.08
2638,181991.079479377,263499.12
2639,183994.54251844,185032.3
2640,182951.482193584,149899.8
2641,174126.297156192,106278.48
2642,170575.496742588,192667.97
2643,175332.239869971,118067.3
2644,167522.061539111,125863.98
2645,168095.583738538,103891.23
2646,154406.415627461,93459.69
2647,170996.973346087,102840.74
2648,159056.890245639,141057.81
2649,181373.6165193,164533.25
2650,152272.560975937,165048.12
2651,168664.346821336,159437.03
2652,211007.008292301,322740.1
2653,182909.515032911,250948.17
2654,203926.829353303,247254.39
2655,179082.825442944,327483.16
2656,206260.099795032,302762.62
2657,181732.443415757,301736.47
2658,189698.740693148,270831.84
2659,203074.34678979,298908.84
2660,201670.634365666,309064.94
2661,173756.812589691,317441.9
2662,181387.076390881,321125.38
2663,184859.155270535,292989.3
2664,158313.615666777,266835.56
2665,151951.955409666,295350.94
2666,162537.52704471,283777.56
2667,178998.337067854,165452.1
2668,186732.584943041,171283.34
2669,187323.318406165,159593.97
2670,199437.232798284,277753.28
2671,185546.680858653,177244.42
2672,161595.015798593,185578.6
2673,154672.422763036,213133.17
2674,159355.710116165,213698.19
2675,155919.014077746,162845.73
2676,182424.87095604,188461.36
2677,178100.589622319,187480.66
2678,202577.900044456,279748.5
2679,177862.778940605,272808.38
2680,182056.024744887,284796.56
2681,191403.199177104,329232.4
2682,196264.754980043,320029.16
2683,209375.003419718,332076.72
2684,196691.81930173,323054.94
2685,192458.431539585,316620.6
2686,182242.80926507,249896.17
2687,183259.503900506,299287.4
2688,188108.243748841,211030.67
2689,171418.640195797,212085.89
2690,194698.882220432,294408.7
2691,174841.84007522,194936.12
2692,172965.476488899,124227.05
2693,189386.323677132,197917.08
2694,185682.618340257,112229.35
2695,176412.012719061,189848.33
2696,174976.489722867,183196.28
2697,180718.581707643,185693.42
2698,186131.188248242,183101.36
2699,165220.786354033,177375.55
2700,164115.893800435,156778.61
2701,182125.729127024,129910.21
2702,182285.140233276,117918.74
2703,196325.442210366,114055.234
2704,164865.215329881,142943.28
2705,182694.492209823,117373.39
2706,185425.485520958,120160.54
2707,171414.7041191,123745.086
2708,183433.472466085,140121.02
2709,176844.981155794,117053.14
2710,180568.187753206,128778.23
2711,185948.625475832,255591.38
2712,189388.291715481,325688.38
2713,142754.489165865,165407.2
2714,156106.800760811,148859.81
2715,155895.397617561,174801.52
2716,159851.977738548,156522.78
2717,185157.832305524,178248.6
2718,180716.291710805,236929.05
2719,176901.093954071,168581.06
2720,181017.222455218,165276.1
2721,183269.159407668,144690.8
2722,193550.830097069,146543.92
2723,170625.842699726,144777.64
2724,182012.405942725,134121.89
2725,179162.507290733,131664.55
2726,183269.159407668,142106.22
2727,180589.836175042,157915.9
2728,181465.935198741,165942.89
2729,196053.029878304,155091.38
2730,183421.020319014,143800.39
2731,167926.839083612,116172.336
2732,168027.530997889,128860.305
2733,182164.26685407,173548.95
2734,172469.071592608,136772.78
2735,181059.374300472,138010.4
2736,182997.570115536,134709.0
2737,166140.504179894,127860.414
2738,198515.546934075,127406.336
2739,193789.648503294,160346.86
2740,173550.025727531,151017.3
2741,176487.943174734,143923.31
2742,188813.302559147,157559.48
2743,178531.911979192,152157.45
2744,182145.731469001,150160.16
2745,179196.465024103,138789.53
2746,169618.349900686,145436.62
2747,170010.168655046,160524.1
2748,181739.671652174,116349.17
2749,172846.934955574,127521.32
2750,195560.8830172,138091.47
2751,180358.114292956,139084.67
2752,211817.702818093,240670.61
2753,176170.128686742,160127.7
2754,234492.248263699,214319.66
2755,182450.956536015,130458.87
2756,174902.068073146,102505.555
2757,173684.174293738,93615.93
2758,147196.673677562,92343.02
2759,175231.189709791,168419.08
2760,193417.64740633,149289.42
2761,183313.601249761,152468.61
2762,180882.250849082,145892.45
2763,186735.697979808,182171.58
2764,172922.865411247,155766.78
2765,202551.677190573,282736.9
2766,190485.634074173,145449.86
2767,173439.49362151,94601.44
2768,196613.598849219,129305.37
2769,178152.259700828,136410.22
2770,174519.904825949,137546.02
2771,172627.796932837,113861.4
2772,173732.689486435,116125.46
2773,209219.844787023,183049.08
2774,181059.374300472,135156.48
2775,188515.443002459,145891.08
2776,182164.26685407,144981.62
2777,188137.901597981,148318.81
2778,158893.54306269,120016.91
2779,189579.65066771,118719.2
2780,165229.803505847,105795.72
2781,162186.071220207,90056.89
2782,166374.879866351,95138.49
2783,161665.184974757,102390.54
2784,175079.328798445,128197.99
2785,203840.874021305,164337.53
2786,152129.078861057,92935.11
2787,181012.141380101,117374.19
2788,161305.53503837,89540.47
2789,203326.392972343,190419.39
2790,168385.571141831,101344.74
2791,183564.365159986,117425.39
2792,163784.619440861,76647.0
2793,171989.192193993,179566.47
2794,180839.95616829,107424.766
2795,170895.923185907,119724.375
2796,174071.054808518,113308.11
2797,259423.859147546,179347.42
2798,188000.824679588,133719.06
2799,179171.703565498,120931.3
2800,171022.241447762,89214.58
2801,174126.297156192,112052.61
2802,187625.573271948,141215.66
2803,199567.946369234,160485.08
2804,205328.078219268,161113.62
2805,166231.535025379,103680.12
2806,154743.91606057,85618.13
2807,159714.537012622,153697.16
2808,185563.069082422,143486.73
2809,171500.796725006,139627.92
2810,180983.443844799,137511.95
2811,183141.236914997,163436.61
2812,178498.634450214,148478.53
2813,224323.710512388,137068.7
2814,218200.642127877,149353.97
2815,182283.177756557,105775.92
2816,190054.639237419,256588.5
2817,160192.453934518,139763.33
2818,171289.393581756,134390.52
2819,151131.098733642,173369.8
2820,181721.458225594,132704.25
2821,172725.053851858,94077.69
2822,222438.699143414,215168.45
2823,235419.373448928,225866.77
2824,185150.926027596,165088.72
2825,184772.239624699,150767.23
2826,180658.216435809,131436.6
2827,209673.316647174,122508.6
2828,205939.810625621,206321.36
2829,165633.573325837,187017.17
2830,186030.317211014,242695.56
2831,160312.319589212,187964.31
2832,190702.440251029,225228.42
2833,175122.810326699,255361.69
2834,183783.13937519,210336.55
2835,178290.666302221,208231.33
2836,181605.343963015,184206.08
2837,187992.451444752,170321.64
2838,188885.11781517,142802.6
2839,189959.344795118,186970.58
2840,179258.619211334,190016.03
2841,181518.750275669,211010.95
2842,193008.659237315,228715.8
2843,186313.89385619,145293.73
2844,181499.39185067,151797.89
2845,174126.297156192,117761.28
2846,183918.612062767,212949.67
2847,184114.270899227,205063.11
2848,158540.947801398,219050.72
2849,197034.759055859,209983.45
2850,185170.284452595,278790.34
2851,221134.533635148,230571.47
2852,184306.637575967,242776.31
2853,199792.302740996,231332.56
2854,143237.803559736,140221.64
2855,177294.838897736,213650.78
2856,182368.620883855,196941.2
2857,176487.943174734,184377.45
2858,183849.408762071,182565.44
2859,184964.141507413,132500.67
2860,196395.969632434,124225.67
2861,188374.936650438,120031.22
2862,176261.296806135,191426.44
2863,163628.142248426,127238.59
2864,180618.032628904,221396.22
2865,161647.329794081,141731.22
2866,167129.598867773,132028.11
2867,174750.988352687,100912.25
2868,177560.202116333,116033.95
2869,192577.796112839,110041.016
2870,199202.898960871,130282.32
2871,182818.156667308,104756.7
2872,148217.262540651,83583.21
2873,188997.797082492,109057.05
2874,185807.928877601,143535.86
2875,177030.477842021,101044.2
2876,175942.474593632,166766.14
2877,172912.518576433,148046.0
2878,198359.248864591,188931.89
2879,184379.133036383,148579.73
2880,194255.566948886,105213.21
2881,209449.651603064,156653.48
2882,169979.323958443,190128.22
2883,188206.281858748,175858.47
2884,186412.438609167,196291.0
2885,196761.386409959,222112.95
2886,208353.269558209,215259.47
2887,166548.067241044,96699.95
2888,175942.474593632,127696.336
2889,166790.457916434,79899.14
2890,160515.850579067,94415.83
2891,192167.621096362,114909.984
2892,178751.551083369,77765.766
2893,198678.894117024,116653.914
2894,164553.120272354,84523.35
2895,156887.932862327,281045.75
2896,164185.777305524,248115.22
2897,212992.120630876,191632.88
2898,197468.550532521,150443.56
2899,180106.84373966,206224.14
2900,183972.071056674,154340.44
2901,245283.198337927,221834.3
2902,170351.963410756,192621.16
2903,195596.307707478,324915.16
2904,189369.756330412,326469.22
2905,223667.404551664,91868.305
2906,169335.310624364,208748.06
2907,167411.02835165,111992.78
2908,187709.555003968,134052.2
2909,196526.002998991,128123.52
2910,137402.569855589,84069.6
2911,165086.775061735,94656.41
2912,188506.431412274,157305.64
2913,172917.456816012,89722.04
2914,166274.325225982,97246.41
2915,167081.220948984,101732.72
2916,164788.778231138,92616.484
2917,219222.423400059,174101.25
2918,184924.279658997,109413.32
2919,187741.866657478,210873.81
